北京二手房,https://bj.lianjia.com/ershoufang/
广州二手房,https://gz.lianjia.com/ershoufang/
深圳二手房,https://sz.lianjia.com/ershoufang/
天津二手房,https://tj.lianjia.com/ershoufang/
成都二手房,https://cd.lianjia.com/ershoufang/
南京二手房,https://nj.lianjia.com/ershoufang/
杭州二手房,https://hz.lianjia.com/ershoufang/
青岛二手房,https://qd.lianjia.com/ershoufang/
大连二手房,https://dl.lianjia.com/ershoufang/
厦门二手房,https://xm.lianjia.com/ershoufang/
武汉二手房,https://wh.lianjia.com/ershoufang/
重庆二手房,https://cq.lianjia.com/ershoufang/
长沙二手房,https://cs.lianjia.com/ershoufang/
济南二手房,https://jn.lianjia.com/ershoufang/
佛山二手房,https://fs.lianjia.com/ershoufang/
东莞二手房,https://dg.lianjia.com/ershoufang/
烟台二手房,https://yt.lianjia.com/ershoufang/
中山二手房,https://zs.lianjia.com/ershoufang/
珠海二手房,https://zh.lianjia.com/ershoufang/
惠州二手房,https://hui.lianjia.com/ershoufang/
沈阳二手房,https://sy.lianjia.com/ershoufang/
合肥二手房,https://hf.lianjia.com/ershoufang/
