https://bj.lianjia.com/,北京
https://cd.lianjia.com/,成都
https://cq.lianjia.com/,重庆
https://cs.lianjia.com/,长沙
https://dl.lianjia.com/,大连
https://dg.lianjia.com/,东莞
https://fs.lianjia.com/,佛山
https://gz.lianjia.com/,广州
https://hz.lianjia.com/,杭州
https://hui.lianjia.com/,惠州
http://hk.lianjia.com/,海口
https://hf.lianjia.com/,合肥
https://jn.lianjia.com/,济南
http://ls.lianjia.com/,陵水
https://lf.lianjia.com/,廊坊
https://nj.lianjia.com/,南京
https://qd.lianjia.com/,青岛
http://qh.lianjia.com/,琼海
http://sh.lianjia.com/,上海
https://sz.lianjia.com/,深圳
http://su.lianjia.com/,苏州
http://sjz.lianjia.com/,石家庄
https://sy.lianjia.com/,沈阳
http://san.lianjia.com/,三亚
https://tj.lianjia.com/,天津
http://ty.lianjia.com/,太原
https://wh.lianjia.com/,武汉
http://wc.lianjia.com/,文昌
http://wn.lianjia.com/,万宁
https://xm.lianjia.com/,厦门
http://xa.lianjia.com/,西安
https://yt.lianjia.com/,烟台
https://zs.lianjia.com/,中山
https://zh.lianjia.com/,珠海
